-- Inserting rows for admin table (3 rows)
INSERT INTO admin (admin_id, username, password, first_name, last_name, status, position, age, phone, email) VALUES
(1, 'admin1', 'adminpass1', 'John', 'Doe', 'Active', 'Manager', 35, '1234567890', 'admin1@example.com'),
(2, 'admin2', 'adminpass2', 'Jane', 'Smith', 'Active', 'Assistant', 28, '9876543210', 'admin2@example.com'),
(3, 'admin3', 'adminpass3', 'Michael', 'Johnson', 'Active', 'Clerk', 24, '4567890123', 'admin3@example.com');

-- Inserting rows for customers table (25 rows)
INSERT INTO customers (customer_id, first_name, last_name, email, phone, address) VALUES
(1, 'Alice', 'Johnson', 'alice@example.com', '1234567890', '123 Baker St, Cityville'),
(2, 'Bob', 'Smith', 'bob@example.com', '9876543210', '456 Cake Ave, Townsville'),
(3, 'Charlie', 'Brown', 'charlie@example.com', '4567890123', '789 Pastry St, Villageton'),
(4, 'David', 'Wilson', 'david@example.com', '7890123456', '321 Cookie Ln, Boroughburg'),
(5, 'Emma', 'Lee', 'emma@example.com', '2345678901', '567 Tart Blvd, Districtton'),
(6, 'Frank', 'Anderson', 'frank@example.com', '8901234567', '910 Pie Rd, Hamletville'),
(7, 'Grace', 'Martinez', 'grace@example.com', '3456789012', '234 Muffin Dr, Township'),
(8, 'Henry', 'Hernandez', 'henry@example.com', '9012345678', '789 Donut Rd, Settlement'),
(9, 'Ivy', 'Garcia', 'ivy@example.com', '4567890123', '890 Croissant Ln, County'),
(10, 'Jack', 'Lopez', 'jack@example.com', '1234567890', '345 Bagel Ave, Village'),
(11, 'Katie', 'Gonzalez', 'katie@example.com', '6789012345', '678 Scone Blvd, Hamlet'),
(12, 'Liam', 'Rodriguez', 'liam@example.com', '2345678901', '901 Bread St, City'),
(13, 'Mia', 'Perez', 'mia@example.com', '5678901234', '123 Pita Ln, Town'),
(14, 'Noah', 'Sanchez', 'noah@example.com', '8901234567', '456 Cracker Dr, County'),
(15, 'Olivia', 'Ramirez', 'olivia@example.com', '3456789012', '789 Doughnut Rd, District'),
(16, 'Penelope', 'Flores', 'penelope@example.com', '6789012345', '234 Cake St, Village'),
(17, 'Quinn', 'Gomez', 'quinn@example.com', '9012345678', '567 Tart Blvd, Town'),
(18, 'Ryan', 'Torres', 'ryan@example.com', '1234567890', '890 Bread St, Borough'),
(19, 'Sophia', 'Diaz', 'sophia@example.com', '4567890123', '123 Bagel Ave, Hamlet'),
(20, 'Thomas', 'Rivera', 'thomas@example.com', '8901234567', '456 Baguette Ln, City'),
(21, 'Uma', 'Reyes', 'uma@example.com', '2345678901', '678 Bun Blvd, Township'),
(22, 'Vincent', 'Cruz', 'vincent@example.com', '5678901234', '890 Bun Blvd, Village'),
(23, 'Willow', 'Ortiz', 'willow@example.com', '9012345678', '123 Biscuit Rd, Town'),
(24, 'Xavier', 'Mendoza', 'xavier@example.com', '1234567890', '456 Pretzel St, County'),
(25, 'Kent', 'Cuenza', 'kentedmark@example.com', 1564828849, '048 Anilao, Lipa City');

-- Inserting rows for products table (20 rows)
INSERT INTO products (product_id, name, description, price, quantity_available) VALUES
(1, 'Chocolate Cake', 'Rich and moist chocolate cake', 25.99, 50),
(2, 'Blueberry Muffin', 'Delicious muffin bursting with blueberries', 3.49, 100),
(3, 'Croissant', 'Flaky and buttery French pastry', 2.99, 75),
(4, 'Apple Pie', 'Classic pie filled with cinnamon-spiced apples', 15.99, 30),
(5, 'Cinnamon Roll', 'Sweet and gooey pastry swirled with cinnamon', 4.99, 80),
(6, 'Baguette', 'Crusty French bread perfect for sandwiches', 1.99, 120),
(7, 'Donut', 'Soft and fluffy fried doughnut glazed with sugar', 1.49, 90),
(8, 'Sugar Cookie', 'Buttery cookie topped with colorful sugar sprinkles', 0.99, 150),
(9, 'Cheesecake', 'Creamy and decadent New York-style cheesecake', 29.99, 40),
(10, 'Sourdough Bread', 'Hearty bread with a tangy flavor and chewy crust', 3.49, 60),
(11, 'Eclair', 'Light pastry filled with cream and topped with chocolate', 2.49, 70),
(12, 'Pumpkin Pie', 'Seasonal pie filled with spiced pumpkin custard', 17.99, 25),
(13, 'Brownie', 'Fudgy chocolate brownie with walnuts', 2.99, 85),
(14, 'Cupcake', 'Moist cupcake topped with fluffy frosting', 2.49, 100),
(15, 'Lemon Tart', 'Tangy lemon curd in a crisp tart shell', 3.99, 45),
(16, 'Bagel', 'Chewy New York-style bagel perfect for breakfast', 1.49, 110),
(17, 'Shortbread Cookie', 'Buttery and crumbly Scottish cookie', 1.29, 120),
(18, 'Danish Pastry', 'Butter-laminated pastry filled with fruit or custard', 3.79, 50),
(19, 'Focaccia Bread', 'Herb-infused Italian flatbread with olive oil', 4.49, 55),
(20, 'Raspberry Tart', 'Sweet and tart raspberry filling in a flaky crust', 4.29, 35);

-- Inserting rows for orders table (50 rows)
INSERT INTO orders (order_id, order_number, customer_id, order_date, delivery_date, total_price, status) VALUES
(1, 'ORD001', 1, '2024-04-09 10:00:00', '2024-04-10', 50.99, 'Delivered'),
(2, 'ORD002', 2, '2024-04-09 10:15:00', '2024-04-11', 35.98, 'Processing'),
(3, 'ORD003', 3, '2024-04-09 10:30:00', '2024-04-12', 20.97, 'Pending'),
(4, 'ORD004', 4, '2024-04-09 10:45:00', '2024-04-13', 45.96, 'Delivered'),
(5, 'ORD005', 5, '2024-04-09 11:00:00', '2024-04-14', 60.95, 'Processing'),
(6, 'ORD006', 6, '2024-04-09 11:15:00', '2024-04-15', 75.94, 'Pending'),
(7, 'ORD007', 7, '2024-04-09 11:30:00', '2024-04-16', 90.93, 'Processing'),
(8, 'ORD008', 8, '2024-04-09 11:45:00', '2024-04-17', 105.92, 'Pending'),
(9, 'ORD009', 9, '2024-04-09 12:00:00', '2024-04-18', 120.91, 'Delivered'),
(10, 'ORD010', 10, '2024-04-09 12:15:00', '2024-04-19', 135.90, 'Processing'),
(11, 'ORD011', 11, '2024-04-09 12:30:00', '2024-04-20', 150.89, 'Pending'),
(12, 'ORD012', 12, '2024-04-09 12:45:00', '2024-04-21', 165.88, 'Delivered'),
(13, 'ORD013', 13, '2024-04-09 13:00:00', '2024-04-22', 180.87, 'Processing'),
(14, 'ORD014', 14, '2024-04-09 13:15:00', '2024-04-23', 195.86, 'Pending'),
(15, 'ORD015', 15, '2024-04-09 13:30:00', '2024-04-24', 210.85, 'Processing'),
(16, 'ORD016', 16, '2024-04-09 13:45:00', '2024-04-25', 225.84, 'Pending'),
(17, 'ORD017', 17, '2024-04-09 14:00:00', '2024-04-26', 240.83, 'Processing'),
(18, 'ORD018', 18, '2024-04-09 14:15:00', '2024-04-27', 255.82, 'Pending'),
(19, 'ORD019', 19, '2024-04-09 14:30:00', '2024-04-28', 270.81, 'Delivered'),
(20, 'ORD020', 20, '2024-04-09 14:45:00', '2024-04-29', 285.80, 'Processing'),
(21, 'ORD021', 21, '2024-04-09 15:00:00', '2024-04-30', 300.79, 'Pending'),
(22, 'ORD022', 22, '2024-04-09 15:15:00', '2024-05-01', 315.78, 'Delivered'),
(23, 'ORD023', 23, '2024-04-09 15:30:00', '2024-05-02', 330.77, 'Processing'),
(24, 'ORD024', 24, '2024-04-09 15:45:00', '2024-05-03', 345.76, 'Pending'),
(25, 'ORD025', 15, '2024-04-09 16:00:00', '2024-05-04', 360.75, 'Processing'),
(26, 'ORD026', 16, '2024-04-09 16:15:00', '2024-05-05', 375.74, 'Pending'),
(27, 'ORD027', 17, '2024-04-09 16:30:00', '2024-05-06', 390.73, 'Processing'),
(28, 'ORD028', 18, '2024-04-09 16:45:00', '2024-05-07', 405.72, 'Pending'),
(29, 'ORD029', 19, '2024-04-09 17:00:00', '2024-05-08', 420.71, 'Processing'),
(30, 'ORD030', 20, '2024-04-09 17:15:00', '2024-05-09', 435.70, 'Pending'),
(31, 'ORD031', 21, '2024-04-09 17:30:00', '2024-05-10', 450.69, 'Delivered'),
(32, 'ORD032', 22, '2024-04-09 17:45:00', '2024-05-11', 465.68, 'Processing'),
(33, 'ORD033', 23, '2024-04-09 18:00:00', '2024-05-12', 480.67, 'Pending'),
(34, 'ORD034', 24, '2024-04-09 18:15:00', '2024-05-13', 495.66, 'Processing'),
(35, 'ORD035', 25, '2024-04-09 18:30:00', '2024-05-14', 510.65, 'Pending'),
(36, 'ORD036', 16, '2024-04-09 18:45:00', '2024-05-15', 525.64, 'Processing'),
(37, 'ORD037', 17, '2024-04-09 19:00:00', '2024-05-16', 540.63, 'Delivered'),
(38, 'ORD038', 18, '2024-04-09 19:15:00', '2024-05-17', 555.62, 'Processing'),
(39, 'ORD039', 19, '2024-04-09 19:30:00', '2024-05-18', 570.61, 'Pending'),
(40, 'ORD040', 20, '2024-04-09 19:45:00', '2024-05-19', 585.60, 'Processing'),
(41, 'ORD041', 21, '2024-04-09 20:00:00', '2024-05-20', 600.59, 'Pending'),
(42, 'ORD042', 22, '2024-04-09 20:15:00', '2024-05-21', 615.58, 'Processing'),
(43, 'ORD043', 23, '2024-04-09 20:30:00', '2024-05-22', 630.57, 'Pending'),
(44, 'ORD044', 24, '2024-04-09 20:45:00', '2024-05-23', 645.56, 'Processing'),
(45, 'ORD045', 25, '2024-04-09 21:00:00', '2024-05-24', 660.55, 'Pending');

-- Inserting rows for order_details table (45 rows)
INSERT INTO order_details (order_detail_id, order_id, product_id, quantity) VALUES
(1, 1, 1, 2),
(2, 2, 2, 3),
(3, 3, 3, 1),
(4, 4, 4, 1),
(5, 5, 5, 2),
(6, 6, 6, 4),
(7, 7, 7, 2),
(8, 8, 8, 3),
(9, 9, 9, 1),
(10, 10, 10, 2),
(11, 11, 11, 3),
(12, 12, 12, 2),
(13, 13, 13, 3),
(14, 14, 14, 1),
(15, 15, 15, 5),
(16, 16, 16, 2),
(17, 17, 17, 2),
(18, 18, 18, 3),
(19, 19, 19, 3),
(20, 20, 20, 2),
(21, 21, 1, 1),
(22, 22, 2, 4),
(23, 23, 3, 3),
(24, 24, 4, 2),
(25, 25, 15, 1),
(26, 26, 16, 5),
(27, 27, 17, 2),
(28, 28, 18, 2),
(29, 29, 19, 3),
(30, 30, 20, 3),
(31, 31, 1, 2),
(32, 32, 12, 1),
(33, 33, 13, 4),
(34, 34, 14, 3),
(35, 35, 15, 2),
(36, 36, 16, 2),
(37, 37, 17, 3),
(38, 38, 18, 3),
(39, 39, 19, 2),
(40, 40, 20, 1),
(41, 41, 11, 4),
(42, 42, 12, 3),
(43, 43, 13, 2),
(44, 44, 14, 5),
(45, 45, 15, 3);

-- Inserting rows for payment_details table (45 rows)
INSERT INTO payment_details (order_id, payment_method, payment_status) VALUES
(1, 'Credit Card', 'Paid'),
(2, 'Cash', 'Pending'),
(3, 'PayPal', 'Paid'),
(4, 'Credit Card', 'Paid'),
(5, 'Cash', 'Pending'),
(6, 'Credit Card', 'Pending'),
(7, 'PayPal', 'Paid'),
(8, 'Credit Card', 'Paid'),
(9, 'Cash', 'Pending'),
(10, 'Credit Card', 'Pending'),
(11, 'PayPal', 'Paid'),
(12, 'Credit Card', 'Paid'),
(13, 'Cash', 'Pending'),
(14, 'Credit Card', 'Pending'),
(15, 'PayPal', 'Paid'),
(16, 'Credit Card', 'Paid'),
(17, 'Cash', 'Pending'),
(18, 'Credit Card', 'Pending'),
(19, 'PayPal', 'Paid'),
(20, 'Credit Card', 'Paid'),
(21, 'Cash', 'Pending'),
(22, 'Credit Card', 'Pending'),
(23, 'PayPal', 'Paid'),
(24, 'Credit Card', 'Paid'),
(25, 'Cash', 'Pending'),
(26, 'Credit Card', 'Pending'),
(27, 'PayPal', 'Paid'),
(28, 'Credit Card', 'Paid'),
(29, 'Cash', 'Pending'),
(30, 'Credit Card', 'Pending'),
(31, 'PayPal', 'Paid'),
(32, 'Credit Card', 'Paid'),
(33, 'Cash', 'Pending'),
(34, 'Credit Card', 'Pending'),
(35, 'PayPal', 'Paid'),
(36, 'Credit Card', 'Paid'),
(37, 'Cash', 'Pending'),
(38, 'Credit Card', 'Pending'),
(39, 'PayPal', 'Paid'),
(40, 'Credit Card', 'Paid'),
(41, 'Cash', 'Pending'),
(42, 'Credit Card', 'Pending'),
(43, 'PayPal', 'Paid'),
(44, 'Credit Card', 'Paid'),
(45, 'Cash', 'Pending');

-- Inserting rows for shipping_details table (45 rows)
INSERT INTO shipping_details (order_id, shipping_address) VALUES
(1, '123 Baker St, Cityville'),
(2, '456 Cake Ave, Townsville'),
(3, '789 Pastry St, Villageton'),
(4, '321 Cookie Ln, Boroughburg'),
(5, '567 Tart Blvd, Districtton'),
(6, '910 Pie Rd, Hamletville'),
(7, '234 Muffin Dr, Township'),
(8, '789 Donut Rd, Settlement'),
(9, '890 Croissant Ln, County'),
(10, '345 Bagel Ave, Village'),
(11, '678 Scone Blvd, Hamlet'),
(12, '901 Bread St, City'),
(13, '123 Pita Ln, Town'),
(14, '456 Cracker Dr, County'),
(15, '789 Doughnut Rd, District'),
(16, '234 Cake St, Village'),
(17, '567 Tart Blvd, Town'),
(18, '890 Bread St, Borough'),
(19, '123 Bagel Ave, Hamlet'),
(20, '456 Baguette Ln, City'),
(21, '678 Bun Blvd, Township'),
(22, '890 Bun Blvd, Village'),
(23, '123 Biscuit Rd, Town'),
(24, '456 Pretzel St, County'),
(25, '789 Brioche Dr, District'),
(26, '234 Brownie St, Village'),
(27, '567 Cannoli Ln, Hamlet'),
(28, '890 Churro Rd, City'),
(29, '123 Croissant Ave, Borough'),
(30, '456 Cupcake Ln, Township'),
(31, '789 Danish Dr, Village'),
(32, '234 Doughnut Ave, Town'),
(33, '567 Eclair St, County'),
(34, '890 Flan Ln, District'),
(35, '123 Gelato Ave, Hamlet'),
(36, '456 Gingersnap Dr, City'),
(37, '789 Honey Bun Ln, Borough'),
(38, '234 Ice Cream Ave, Township'),
(39, '567 Jelly Roll St, Village'),
(40, '890 Key Lime Dr, Town'),
(41, '123 Ladyfinger Ave, County'),
(42, '456 Lollipop Ln, District'),
(43, '789 Macaron Blvd, Hamlet'),
(44, '234 Marshmallow Rd, City'),
(45, '567 Meringue Ave, Borough');
